{
	"credit": "Made with Blockbench",
	"ambientocclusion": true,
	"textures": {
		"2": "block/lever_redstone",
		"particle": "block/cobblestone",
		"base": "block/cobblestone",
		"lever": "block/lever"
	},
	"elements": [
		{
			"from": [5, 0, 4],
			"to": [7, 3, 12],
			"faces": {
				"north": {"uv": [9, 13, 11, 16], "texture": "#base"},
				"east": {"uv": [4, 13, 12, 16], "texture": "#base"},
				"south": {"uv": [5, 13, 7, 16], "texture": "#base"},
				"west": {"uv": [4, 13, 12, 16], "texture": "#base"},
				"up": {"uv": [5, 4, 7, 12], "texture": "#base"},
				"down": {"uv": [5, 4, 7, 12], "texture": "#base", "cullface": "down"}
			}
		},
		{
			"from": [7, 0, 4],
			"to": [9, 3, 6],
			"faces": {
				"north": {"uv": [7, 13, 9, 16], "texture": "#base"},
				"east": {"uv": [10, 13, 12, 16], "texture": "#base"},
				"south": {"uv": [7, 13, 9, 16], "texture": "#base"},
				"west": {"uv": [4, 13, 6, 16], "texture": "#base"},
				"up": {"uv": [7, 4, 9, 6], "texture": "#base"},
				"down": {"uv": [7, 10, 9, 12], "texture": "#base", "cullface": "down"}
			}
		},
		{
			"from": [7, 0, 11],
			"to": [9, 3, 12],
			"faces": {
				"north": {"uv": [7, 13, 9, 16], "texture": "#base"},
				"east": {"uv": [4, 13, 6, 16], "texture": "#base"},
				"south": {"uv": [7, 13, 9, 16], "texture": "#base"},
				"west": {"uv": [10, 13, 12, 16], "texture": "#base"},
				"up": {"uv": [7, 10, 9, 11], "texture": "#base"},
				"down": {"uv": [7, 4, 9, 6], "texture": "#base", "cullface": "down"}
			}
		},
		{
			"from": [7, 0, 6],
			"to": [9, 2.25, 11],
			"faces": {
				"north": {"uv": [7, 13.75, 9, 16], "texture": "#base"},
				"east": {"uv": [6, 13.75, 10, 16], "texture": "#base"},
				"south": {"uv": [7, 13.75, 9, 16], "texture": "#base"},
				"west": {"uv": [6, 13.75, 10, 16], "texture": "#base"},
				"up": {"uv": [2, 5, 4, 9], "texture": "#2"},
				"down": {"uv": [7, 6, 9, 10], "texture": "#base", "cullface": "down"}
			}
		},
		{
			"from": [9, 0, 4],
			"to": [11, 3, 12],
			"faces": {
				"north": {"uv": [5, 13, 7, 16], "texture": "#base"},
				"east": {"uv": [4, 13, 12, 16], "texture": "#base"},
				"south": {"uv": [9, 13, 11, 16], "texture": "#base"},
				"west": {"uv": [4, 13, 12, 16], "texture": "#base"},
				"up": {"uv": [9, 4, 11, 12], "texture": "#base"},
				"down": {"uv": [9, 4, 11, 12], "texture": "#base", "cullface": "down"}
			}
		},
		{
			"from": [7, 1, 7],
			"to": [9, 11, 9],
			"rotation": {"angle": -45, "axis": "x", "origin": [8, 1, 8]},
			"faces": {
				"north": {"uv": [9, 6, 7, 16], "texture": "#lever"},
				"east": {"uv": [7, 6, 9, 16], "texture": "#lever"},
				"south": {"uv": [9, 6, 7, 16], "texture": "#lever"},
				"west": {"uv": [7, 6, 9, 16], "texture": "#lever"},
				"up": {"uv": [7, 6, 9, 8], "texture": "#lever"}
			}
		}
	]
}