{
  "variants": {
    "moisture=0": {
      "model": "minecraft:block/farmland"
    },
    "moisture=1": {
      "model": "minecraft:block/farmland1"
    },
    "moisture=2": {
      "model": "minecraft:block/farmland2"
    },
    "moisture=3": {
      "model": "minecraft:block/farmland3"
    },
    "moisture=4": {
      "model": "minecraft:block/farmland4"
    },
    "moisture=5": {
      "model": "minecraft:block/farmland5"
    },
    "moisture=6": {
      "model": "minecraft:block/farmland6"
    },
    "moisture=7": {
      "model": "minecraft:block/farmland_moist"
    }
  }
}