{
  "variants": {
    "layers=1": {
      "model": "minecraft:block/snow/0"
    },
    "layers=2": {
      "model": "minecraft:block/snow/1"
    },
    "layers=3": {
      "model": "minecraft:block/snow/2"
    },
    "layers=4": {
      "model": "minecraft:block/snow/3"
    },
    "layers=5": {
      "model": "minecraft:block/snow/4"
    },
    "layers=6": {
      "model": "minecraft:block/snow/5"
    },
    "layers=7": {
      "model": "minecraft:block/snow/6"
    },
    "layers=8": {
      "model": "minecraft:block/snow/7"
    }
  }
}