{
	"credit": "Made with Blockbench",
	"parent": "block/thin_block",
	"textures": {
		"3": "block/cyan_wool",
		"particle": "block/cyan_wool",
		"extrudes": "block/cyan_wool"
	},
	"elements": [
		{
			"name": "MIDDLE",
			"from": [0, 0, 0],
			"to": [16, 1, 16],
			"rotation": {"angle": 0, "axis": "y", "origin": [23, 8, 8]},
			"faces": {
				"north": {"uv": [0, 15, 16, 16], "texture": "#3"},
				"east": {"uv": [0, 15, 16, 16], "texture": "#3"},
				"south": {"uv": [0, 15, 16, 16], "texture": "#3"},
				"west": {"uv": [0, 15, 16, 16], "texture": "#3"},
				"up": {"uv": [0, 0, 16, 16], "texture": "#3"},
				"down": {"uv": [0, 0, 16, 16], "texture": "#3"}
			}
		},
		{
			"from": [1, 1, -1],
			"to": [2, 1, 0],
			"rotation": {"angle": -22.5, "axis": "x", "origin": [8, 1, 0]},
			"faces": {
				"north": {"uv": [16, 0, 0, 0], "texture": "#extrudes"},
				"east": {"uv": [8, 0, 0, 0], "texture": "#extrudes"},
				"south": {"uv": [16, 0, 0, 0], "texture": "#extrudes"},
				"west": {"uv": [8, 0, 0, 0], "texture": "#extrudes"},
				"up": {"uv": [1, 9, 2, 8], "texture": "#extrudes"},
				"down": {"uv": [1, 8, 2, 9], "texture": "#extrudes"}
			}
		},
		{
			"from": [14, 1, -2],
			"to": [15, 1, 0],
			"rotation": {"angle": -22.5, "axis": "x", "origin": [8, 1, 0]},
			"faces": {
				"north": {"uv": [16, 0, 0, 0], "texture": "#extrudes"},
				"east": {"uv": [8, 0, 0, 0], "texture": "#extrudes"},
				"south": {"uv": [16, 0, 0, 0], "texture": "#extrudes"},
				"west": {"uv": [8, 0, 0, 0], "texture": "#extrudes"},
				"up": {"uv": [14, 10, 15, 8], "texture": "#extrudes"},
				"down": {"uv": [14, 8, 15, 10], "texture": "#extrudes"}
			}
		},
		{
			"from": [6, 1, -2],
			"to": [7, 1, 0],
			"rotation": {"angle": -22.5, "axis": "x", "origin": [8, 1, 0]},
			"faces": {
				"north": {"uv": [16, 0, 0, 0], "texture": "#extrudes"},
				"east": {"uv": [8, 0, 0, 0], "texture": "#extrudes"},
				"south": {"uv": [16, 0, 0, 0], "texture": "#extrudes"},
				"west": {"uv": [8, 0, 0, 0], "texture": "#extrudes"},
				"up": {"uv": [6, 10, 7, 8], "texture": "#extrudes"},
				"down": {"uv": [6, 8, 7, 10], "texture": "#extrudes"}
			}
		},
		{
			"from": [3, 1, -2],
			"to": [4, 1, 0],
			"rotation": {"angle": -22.5, "axis": "x", "origin": [8, 1, 0]},
			"faces": {
				"north": {"uv": [16, 0, 0, 0], "texture": "#extrudes"},
				"east": {"uv": [8, 0, 0, 0], "texture": "#extrudes"},
				"south": {"uv": [16, 0, 0, 0], "texture": "#extrudes"},
				"west": {"uv": [8, 0, 0, 0], "texture": "#extrudes"},
				"up": {"uv": [3, 10, 4, 8], "texture": "#extrudes"},
				"down": {"uv": [3, 8, 4, 10], "texture": "#extrudes"}
			}
		},
		{
			"from": [2, 1, -3],
			"to": [3, 1, -2],
			"rotation": {"angle": -22.5, "axis": "x", "origin": [8, 1, 0]},
			"faces": {
				"north": {"uv": [16, 0, 0, 0], "texture": "#extrudes"},
				"east": {"uv": [8, 0, 0, 0], "texture": "#extrudes"},
				"south": {"uv": [16, 0, 0, 0], "texture": "#extrudes"},
				"west": {"uv": [8, 0, 0, 0], "texture": "#extrudes"},
				"up": {"uv": [2, 11, 3, 10], "texture": "#extrudes"},
				"down": {"uv": [2, 10, 3, 11], "texture": "#extrudes"}
			}
		},
		{
			"from": [5, 1, -4],
			"to": [6, 1, -2],
			"rotation": {"angle": -22.5, "axis": "x", "origin": [8, 1, 0]},
			"faces": {
				"north": {"uv": [16, 0, 0, 0], "texture": "#extrudes"},
				"east": {"uv": [8, 0, 0, 0], "texture": "#extrudes"},
				"south": {"uv": [16, 0, 0, 0], "texture": "#extrudes"},
				"west": {"uv": [8, 0, 0, 0], "texture": "#extrudes"},
				"up": {"uv": [5, 12, 6, 10], "texture": "#extrudes"},
				"down": {"uv": [5, 10, 6, 12], "texture": "#extrudes"}
			}
		},
		{
			"from": [10, 1, -2],
			"to": [11, 1, 0],
			"rotation": {"angle": -22.5, "axis": "x", "origin": [8, 1, 0]},
			"faces": {
				"north": {"uv": [16, 0, 0, 0], "texture": "#extrudes"},
				"east": {"uv": [8, 0, 0, 0], "texture": "#extrudes"},
				"south": {"uv": [16, 0, 0, 0], "texture": "#extrudes"},
				"west": {"uv": [8, 0, 0, 0], "texture": "#extrudes"},
				"up": {"uv": [10, 10, 11, 8], "texture": "#extrudes"},
				"down": {"uv": [10, 8, 11, 10], "texture": "#extrudes"}
			}
		},
		{
			"from": [12, 1, -3],
			"to": [13, 1, 0],
			"rotation": {"angle": -22.5, "axis": "x", "origin": [8, 1, 0]},
			"faces": {
				"north": {"uv": [16, 0, 0, 0], "texture": "#extrudes"},
				"east": {"uv": [8, 0, 0, 0], "texture": "#extrudes"},
				"south": {"uv": [16, 0, 0, 0], "texture": "#extrudes"},
				"west": {"uv": [8, 0, 0, 0], "texture": "#extrudes"},
				"up": {"uv": [12, 11, 13, 8], "texture": "#extrudes"},
				"down": {"uv": [12, 8, 13, 11], "texture": "#extrudes"}
			}
		},
		{
			"from": [9, 1, -4],
			"to": [10, 1, -1],
			"rotation": {"angle": -22.5, "axis": "x", "origin": [8, 1, 0]},
			"faces": {
				"north": {"uv": [16, 0, 0, 0], "texture": "#extrudes"},
				"east": {"uv": [8, 0, 0, 0], "texture": "#extrudes"},
				"south": {"uv": [16, 0, 0, 0], "texture": "#extrudes"},
				"west": {"uv": [8, 0, 0, 0], "texture": "#extrudes"},
				"up": {"uv": [9, 12, 10, 9], "texture": "#extrudes"},
				"down": {"uv": [9, 9, 10, 12], "texture": "#extrudes"}
			}
		},
		{
			"from": [16, 1, 1],
			"to": [18, 1, 2],
			"rotation": {"angle": -22.5, "axis": "z", "origin": [16, 1, 8]},
			"faces": {
				"north": {"uv": [0, 0, 8, 0], "texture": "#extrudes"},
				"east": {"uv": [0, 0, 16, 0], "texture": "#extrudes"},
				"south": {"uv": [0, 0, 8, 0], "texture": "#extrudes"},
				"west": {"uv": [0, 0, 16, 0], "texture": "#extrudes"},
				"up": {"uv": [14, 8, 15, 10], "rotation": 270, "texture": "#extrudes"},
				"down": {"uv": [14, 10, 15, 8], "rotation": 90, "texture": "#extrudes"}
			}
		},
		{
			"from": [16, 1, 5],
			"to": [18, 1, 6],
			"rotation": {"angle": -22.5, "axis": "z", "origin": [16, 1, 8]},
			"faces": {
				"north": {"uv": [0, 0, 8, 0], "texture": "#extrudes"},
				"east": {"uv": [0, 0, 16, 0], "texture": "#extrudes"},
				"south": {"uv": [0, 0, 8, 0], "texture": "#extrudes"},
				"west": {"uv": [0, 0, 16, 0], "texture": "#extrudes"},
				"up": {"uv": [10, 8, 11, 10], "rotation": 270, "texture": "#extrudes"},
				"down": {"uv": [10, 10, 11, 8], "rotation": 90, "texture": "#extrudes"}
			}
		},
		{
			"from": [16, 1, 9],
			"to": [18, 1, 10],
			"rotation": {"angle": -22.5, "axis": "z", "origin": [16, 1, 8]},
			"faces": {
				"north": {"uv": [0, 0, 8, 0], "texture": "#extrudes"},
				"east": {"uv": [0, 0, 16, 0], "texture": "#extrudes"},
				"south": {"uv": [0, 0, 8, 0], "texture": "#extrudes"},
				"west": {"uv": [0, 0, 16, 0], "texture": "#extrudes"},
				"up": {"uv": [6, 8, 7, 10], "rotation": 270, "texture": "#extrudes"},
				"down": {"uv": [6, 10, 7, 8], "rotation": 90, "texture": "#extrudes"}
			}
		},
		{
			"from": [16, 1, 12],
			"to": [18, 1, 13],
			"rotation": {"angle": -22.5, "axis": "z", "origin": [16, 1, 8]},
			"faces": {
				"north": {"uv": [0, 0, 8, 0], "texture": "#extrudes"},
				"east": {"uv": [0, 0, 16, 0], "texture": "#extrudes"},
				"south": {"uv": [0, 0, 8, 0], "texture": "#extrudes"},
				"west": {"uv": [0, 0, 16, 0], "texture": "#extrudes"},
				"up": {"uv": [3, 8, 4, 10], "rotation": 270, "texture": "#extrudes"},
				"down": {"uv": [3, 10, 4, 8], "rotation": 90, "texture": "#extrudes"}
			}
		},
		{
			"from": [18, 1, 13],
			"to": [19, 1, 14],
			"rotation": {"angle": -22.5, "axis": "z", "origin": [16, 1, 8]},
			"faces": {
				"north": {"uv": [0, 0, 8, 0], "texture": "#extrudes"},
				"east": {"uv": [0, 0, 16, 0], "texture": "#extrudes"},
				"south": {"uv": [0, 0, 8, 0], "texture": "#extrudes"},
				"west": {"uv": [0, 0, 16, 0], "texture": "#extrudes"},
				"up": {"uv": [2, 10, 3, 11], "rotation": 270, "texture": "#extrudes"},
				"down": {"uv": [2, 11, 3, 10], "rotation": 90, "texture": "#extrudes"}
			}
		},
		{
			"from": [16, 1, 14],
			"to": [17, 1, 15],
			"rotation": {"angle": -22.5, "axis": "z", "origin": [16, 1, 8]},
			"faces": {
				"north": {"uv": [0, 0, 8, 0], "texture": "#extrudes"},
				"east": {"uv": [0, 0, 16, 0], "texture": "#extrudes"},
				"south": {"uv": [0, 0, 8, 0], "texture": "#extrudes"},
				"west": {"uv": [0, 0, 16, 0], "texture": "#extrudes"},
				"up": {"uv": [1, 8, 2, 9], "rotation": 270, "texture": "#extrudes"},
				"down": {"uv": [1, 9, 2, 8], "rotation": 90, "texture": "#extrudes"}
			}
		},
		{
			"from": [18, 1, 10],
			"to": [20, 1, 11],
			"rotation": {"angle": -22.5, "axis": "z", "origin": [16, 1, 8]},
			"faces": {
				"north": {"uv": [0, 0, 8, 0], "texture": "#extrudes"},
				"east": {"uv": [0, 0, 16, 0], "texture": "#extrudes"},
				"south": {"uv": [0, 0, 8, 0], "texture": "#extrudes"},
				"west": {"uv": [0, 0, 16, 0], "texture": "#extrudes"},
				"up": {"uv": [5, 10, 6, 12], "rotation": 270, "texture": "#extrudes"},
				"down": {"uv": [5, 12, 6, 10], "rotation": 90, "texture": "#extrudes"}
			}
		},
		{
			"from": [16, 1, 3],
			"to": [19, 1, 4],
			"rotation": {"angle": -22.5, "axis": "z", "origin": [16, 1, 8]},
			"faces": {
				"north": {"uv": [0, 0, 8, 0], "texture": "#extrudes"},
				"east": {"uv": [0, 0, 16, 0], "texture": "#extrudes"},
				"south": {"uv": [0, 0, 8, 0], "texture": "#extrudes"},
				"west": {"uv": [0, 0, 16, 0], "texture": "#extrudes"},
				"up": {"uv": [12, 8, 13, 11], "rotation": 270, "texture": "#extrudes"},
				"down": {"uv": [12, 11, 13, 8], "rotation": 90, "texture": "#extrudes"}
			}
		},
		{
			"from": [17, 1, 6],
			"to": [20, 1, 7],
			"rotation": {"angle": -22.5, "axis": "z", "origin": [16, 1, 8]},
			"faces": {
				"north": {"uv": [0, 0, 8, 0], "texture": "#extrudes"},
				"east": {"uv": [0, 0, 16, 0], "texture": "#extrudes"},
				"south": {"uv": [0, 0, 8, 0], "texture": "#extrudes"},
				"west": {"uv": [0, 0, 16, 0], "texture": "#extrudes"},
				"up": {"uv": [9, 9, 10, 12], "rotation": 270, "texture": "#extrudes"},
				"down": {"uv": [9, 12, 10, 9], "rotation": 90, "texture": "#extrudes"}
			}
		},
		{
			"from": [1, 1, 16],
			"to": [2, 1, 17],
			"rotation": {"angle": 22.5, "axis": "x", "origin": [8, 1, 16]},
			"faces": {
				"north": {"uv": [0, 0, 16, 0], "texture": "#extrudes"},
				"east": {"uv": [0, 0, 8, 0], "texture": "#extrudes"},
				"south": {"uv": [0, 0, 16, 0], "texture": "#extrudes"},
				"west": {"uv": [0, 0, 8, 0], "texture": "#extrudes"},
				"up": {"uv": [1, 8, 2, 9], "texture": "#extrudes"},
				"down": {"uv": [1, 9, 2, 8], "texture": "#extrudes"}
			}
		},
		{
			"from": [14, 1, 16],
			"to": [15, 1, 18],
			"rotation": {"angle": 22.5, "axis": "x", "origin": [8, 1, 16]},
			"faces": {
				"north": {"uv": [0, 0, 16, 0], "texture": "#extrudes"},
				"east": {"uv": [0, 0, 8, 0], "texture": "#extrudes"},
				"south": {"uv": [0, 0, 16, 0], "texture": "#extrudes"},
				"west": {"uv": [0, 0, 8, 0], "texture": "#extrudes"},
				"up": {"uv": [14, 8, 15, 10], "texture": "#extrudes"},
				"down": {"uv": [14, 10, 15, 8], "texture": "#extrudes"}
			}
		},
		{
			"from": [6, 1, 16],
			"to": [7, 1, 18],
			"rotation": {"angle": 22.5, "axis": "x", "origin": [8, 1, 16]},
			"faces": {
				"north": {"uv": [0, 0, 16, 0], "texture": "#extrudes"},
				"east": {"uv": [0, 0, 8, 0], "texture": "#extrudes"},
				"south": {"uv": [0, 0, 16, 0], "texture": "#extrudes"},
				"west": {"uv": [0, 0, 8, 0], "texture": "#extrudes"},
				"up": {"uv": [6, 8, 7, 10], "texture": "#extrudes"},
				"down": {"uv": [6, 10, 7, 8], "texture": "#extrudes"}
			}
		},
		{
			"from": [3, 1, 16],
			"to": [4, 1, 18],
			"rotation": {"angle": 22.5, "axis": "x", "origin": [8, 1, 16]},
			"faces": {
				"north": {"uv": [0, 0, 16, 0], "texture": "#extrudes"},
				"east": {"uv": [0, 0, 8, 0], "texture": "#extrudes"},
				"south": {"uv": [0, 0, 16, 0], "texture": "#extrudes"},
				"west": {"uv": [0, 0, 8, 0], "texture": "#extrudes"},
				"up": {"uv": [3, 8, 4, 10], "texture": "#extrudes"},
				"down": {"uv": [3, 10, 4, 8], "texture": "#extrudes"}
			}
		},
		{
			"from": [2, 1, 18],
			"to": [3, 1, 19],
			"rotation": {"angle": 22.5, "axis": "x", "origin": [8, 1, 16]},
			"faces": {
				"north": {"uv": [0, 0, 16, 0], "texture": "#extrudes"},
				"east": {"uv": [0, 0, 8, 0], "texture": "#extrudes"},
				"south": {"uv": [0, 0, 16, 0], "texture": "#extrudes"},
				"west": {"uv": [0, 0, 8, 0], "texture": "#extrudes"},
				"up": {"uv": [2, 10, 3, 11], "texture": "#extrudes"},
				"down": {"uv": [2, 11, 3, 10], "texture": "#extrudes"}
			}
		},
		{
			"from": [5, 1, 18],
			"to": [6, 1, 20],
			"rotation": {"angle": 22.5, "axis": "x", "origin": [8, 1, 16]},
			"faces": {
				"north": {"uv": [0, 0, 16, 0], "texture": "#extrudes"},
				"east": {"uv": [0, 0, 8, 0], "texture": "#extrudes"},
				"south": {"uv": [0, 0, 16, 0], "texture": "#extrudes"},
				"west": {"uv": [0, 0, 8, 0], "texture": "#extrudes"},
				"up": {"uv": [5, 10, 6, 12], "texture": "#extrudes"},
				"down": {"uv": [5, 12, 6, 10], "texture": "#extrudes"}
			}
		},
		{
			"from": [10, 1, 16],
			"to": [11, 1, 18],
			"rotation": {"angle": 22.5, "axis": "x", "origin": [8, 1, 16]},
			"faces": {
				"north": {"uv": [0, 0, 16, 0], "texture": "#extrudes"},
				"east": {"uv": [0, 0, 8, 0], "texture": "#extrudes"},
				"south": {"uv": [0, 0, 16, 0], "texture": "#extrudes"},
				"west": {"uv": [0, 0, 8, 0], "texture": "#extrudes"},
				"up": {"uv": [10, 8, 11, 10], "texture": "#extrudes"},
				"down": {"uv": [10, 10, 11, 8], "texture": "#extrudes"}
			}
		},
		{
			"from": [12, 1, 16],
			"to": [13, 1, 19],
			"rotation": {"angle": 22.5, "axis": "x", "origin": [8, 1, 16]},
			"faces": {
				"north": {"uv": [0, 0, 16, 0], "texture": "#extrudes"},
				"east": {"uv": [0, 0, 8, 0], "texture": "#extrudes"},
				"south": {"uv": [0, 0, 16, 0], "texture": "#extrudes"},
				"west": {"uv": [0, 0, 8, 0], "texture": "#extrudes"},
				"up": {"uv": [12, 8, 13, 11], "texture": "#extrudes"},
				"down": {"uv": [12, 11, 13, 8], "texture": "#extrudes"}
			}
		},
		{
			"from": [9, 1, 17],
			"to": [10, 1, 20],
			"rotation": {"angle": 22.5, "axis": "x", "origin": [8, 1, 16]},
			"faces": {
				"north": {"uv": [0, 0, 16, 0], "texture": "#extrudes"},
				"east": {"uv": [0, 0, 8, 0], "texture": "#extrudes"},
				"south": {"uv": [0, 0, 16, 0], "texture": "#extrudes"},
				"west": {"uv": [0, 0, 8, 0], "texture": "#extrudes"},
				"up": {"uv": [9, 9, 10, 12], "texture": "#extrudes"},
				"down": {"uv": [9, 12, 10, 9], "texture": "#extrudes"}
			}
		},
		{
			"from": [-2, 1, 1],
			"to": [0, 1, 2],
			"rotation": {"angle": 22.5, "axis": "z", "origin": [0, 1, 8]},
			"faces": {
				"north": {"uv": [8, 0, 0, 0], "texture": "#extrudes"},
				"east": {"uv": [16, 0, 0, 0], "texture": "#extrudes"},
				"south": {"uv": [8, 0, 0, 0], "texture": "#extrudes"},
				"west": {"uv": [16, 0, 0, 0], "texture": "#extrudes"},
				"up": {"uv": [14, 10, 15, 8], "rotation": 270, "texture": "#extrudes"},
				"down": {"uv": [14, 8, 15, 10], "rotation": 90, "texture": "#extrudes"}
			}
		},
		{
			"from": [-2, 1, 5],
			"to": [0, 1, 6],
			"rotation": {"angle": 22.5, "axis": "z", "origin": [0, 1, 8]},
			"faces": {
				"north": {"uv": [8, 0, 0, 0], "texture": "#extrudes"},
				"east": {"uv": [16, 0, 0, 0], "texture": "#extrudes"},
				"south": {"uv": [8, 0, 0, 0], "texture": "#extrudes"},
				"west": {"uv": [16, 0, 0, 0], "texture": "#extrudes"},
				"up": {"uv": [10, 10, 11, 8], "rotation": 270, "texture": "#extrudes"},
				"down": {"uv": [10, 8, 11, 10], "rotation": 90, "texture": "#extrudes"}
			}
		},
		{
			"from": [-2, 1, 9],
			"to": [0, 1, 10],
			"rotation": {"angle": 22.5, "axis": "z", "origin": [0, 1, 8]},
			"faces": {
				"north": {"uv": [8, 0, 0, 0], "texture": "#extrudes"},
				"east": {"uv": [16, 0, 0, 0], "texture": "#extrudes"},
				"south": {"uv": [8, 0, 0, 0], "texture": "#extrudes"},
				"west": {"uv": [16, 0, 0, 0], "texture": "#extrudes"},
				"up": {"uv": [6, 10, 7, 8], "rotation": 270, "texture": "#extrudes"},
				"down": {"uv": [6, 8, 7, 10], "rotation": 90, "texture": "#extrudes"}
			}
		},
		{
			"from": [-2, 1, 12],
			"to": [0, 1, 13],
			"rotation": {"angle": 22.5, "axis": "z", "origin": [0, 1, 8]},
			"faces": {
				"north": {"uv": [8, 0, 0, 0], "texture": "#extrudes"},
				"east": {"uv": [16, 0, 0, 0], "texture": "#extrudes"},
				"south": {"uv": [8, 0, 0, 0], "texture": "#extrudes"},
				"west": {"uv": [16, 0, 0, 0], "texture": "#extrudes"},
				"up": {"uv": [3, 10, 4, 8], "rotation": 270, "texture": "#extrudes"},
				"down": {"uv": [3, 8, 4, 10], "rotation": 90, "texture": "#extrudes"}
			}
		},
		{
			"from": [-3, 1, 13],
			"to": [-2, 1, 14],
			"rotation": {"angle": 22.5, "axis": "z", "origin": [0, 1, 8]},
			"faces": {
				"north": {"uv": [8, 0, 0, 0], "texture": "#extrudes"},
				"east": {"uv": [16, 0, 0, 0], "texture": "#extrudes"},
				"south": {"uv": [8, 0, 0, 0], "texture": "#extrudes"},
				"west": {"uv": [16, 0, 0, 0], "texture": "#extrudes"},
				"up": {"uv": [2, 11, 3, 10], "rotation": 270, "texture": "#extrudes"},
				"down": {"uv": [2, 10, 3, 11], "rotation": 90, "texture": "#extrudes"}
			}
		},
		{
			"from": [-1, 1, 14],
			"to": [0, 1, 15],
			"rotation": {"angle": 22.5, "axis": "z", "origin": [0, 1, 8]},
			"faces": {
				"north": {"uv": [8, 0, 0, 0], "texture": "#extrudes"},
				"east": {"uv": [16, 0, 0, 0], "texture": "#extrudes"},
				"south": {"uv": [8, 0, 0, 0], "texture": "#extrudes"},
				"west": {"uv": [16, 0, 0, 0], "texture": "#extrudes"},
				"up": {"uv": [1, 9, 2, 8], "rotation": 270, "texture": "#extrudes"},
				"down": {"uv": [1, 8, 2, 9], "rotation": 90, "texture": "#extrudes"}
			}
		},
		{
			"from": [-4, 1, 10],
			"to": [-2, 1, 11],
			"rotation": {"angle": 22.5, "axis": "z", "origin": [0, 1, 8]},
			"faces": {
				"north": {"uv": [8, 0, 0, 0], "texture": "#extrudes"},
				"east": {"uv": [16, 0, 0, 0], "texture": "#extrudes"},
				"south": {"uv": [8, 0, 0, 0], "texture": "#extrudes"},
				"west": {"uv": [16, 0, 0, 0], "texture": "#extrudes"},
				"up": {"uv": [5, 12, 6, 10], "rotation": 270, "texture": "#extrudes"},
				"down": {"uv": [5, 10, 6, 12], "rotation": 90, "texture": "#extrudes"}
			}
		},
		{
			"from": [-3, 1, 3],
			"to": [0, 1, 4],
			"rotation": {"angle": 22.5, "axis": "z", "origin": [0, 1, 8]},
			"faces": {
				"north": {"uv": [8, 0, 0, 0], "texture": "#extrudes"},
				"east": {"uv": [16, 0, 0, 0], "texture": "#extrudes"},
				"south": {"uv": [8, 0, 0, 0], "texture": "#extrudes"},
				"west": {"uv": [16, 0, 0, 0], "texture": "#extrudes"},
				"up": {"uv": [12, 11, 13, 8], "rotation": 270, "texture": "#extrudes"},
				"down": {"uv": [12, 8, 13, 11], "rotation": 90, "texture": "#extrudes"}
			}
		},
		{
			"from": [-4, 1, 6],
			"to": [-1, 1, 7],
			"rotation": {"angle": 22.5, "axis": "z", "origin": [0, 1, 8]},
			"faces": {
				"north": {"uv": [8, 0, 0, 0], "texture": "#extrudes"},
				"east": {"uv": [16, 0, 0, 0], "texture": "#extrudes"},
				"south": {"uv": [8, 0, 0, 0], "texture": "#extrudes"},
				"west": {"uv": [16, 0, 0, 0], "texture": "#extrudes"},
				"up": {"uv": [9, 12, 10, 9], "rotation": 270, "texture": "#extrudes"},
				"down": {"uv": [9, 9, 10, 12], "rotation": 90, "texture": "#extrudes"}
			}
		}
	],
	"display": {},
	"groups": [0,
		{
			"name": "DOWN",
			"origin": [8, 1, 16],
			"children": [1, 2, 3, 4, 5, 6, 7, 8, 9]
		},
		{
			"name": "LEFT",
			"origin": [16, 1, 8],
			"children": [10, 11, 12, 13, 14, 15, 16, 17, 18]
		},
		{
			"name": "UP",
			"origin": [8, 1, 16],
			"children": [19, 20, 21, 22, 23, 24, 25, 26, 27]
		},
		{
			"name": "RIGHT",
			"origin": [16, 1, 8],
			"children": [28, 29, 30, 31, 32, 33, 34, 35, 36]
		}
	]
}